n_points,mean_ms,mean_cores
20000,779.61559,0
40000,1631.72136,0
80000,3405.78234,0
120000,5317.56493,0
200000,9142.45033,0
